,0,1,recall,precision,f1,kappa
0,0.0,166.0,,0.0,,0.0
1,0.0,180.0,0.5202312138728323,1.0,0.6844106463878327,0.0
